,Item1,Item2,support,conf,lift
1,britannia milk bikis biscuits rs.10,tata salt 1kg,0.04628845962361844,1.4822638501394976,30.908644374671116
3,britannia milk bikis biscuits rs.10,pacha pairu yellow 500gm,0.03289604699790899,1.0534077321642088,30.411423224218897
4,britannia milk bikis biscuits rs.10,kadala parupu 500gm,0.039903415314149156,1.2777999202869668,31.072505083394688
5,britannia milk bikis biscuits rs.10,pottukadalai 250gm,0.04330130439111819,1.3866082104424073,29.294149371492182
6,britannia milk bikis biscuits rs.10,pottukadalai 500gm,0.03226127651100269,1.033080908728577,29.454170521961963
7,britannia milk bikis biscuits rs.10,toor dhal 500gm,0.039928308274419996,1.278597050617776,27.72674802559638
8,britannia milk bikis biscuits rs.10,toor dhal 1kg,0.05583490988748382,1.7879633320047825,26.696176537184957
10,britannia milk bikis biscuits rs.10,ulundu full white 1kg,0.0478069302001394,1.530888800318852,26.32656887260656
11,britannia milk bikis biscuits rs.10,ulundu white broken 100gm,0.03282136811709648,1.0510163411717814,28.346041260525546
12,britannia milk bikis biscuits rs.10,jeeragam 50gm,0.033505924524544456,1.0729374252690314,28.024734881604374
13,britannia milk bikis biscuits rs.10,jeeragam 100gm,0.0393682166683262,1.2606616181745716,28.571677588326597
16,britannia milk bikis biscuits rs.10,pepper black 50gm,0.03288360051777357,1.0530091669988042,29.488661036372232
17,britannia milk bikis biscuits rs.10,pepper black 100gm,0.030892163696106742,0.9892387405340773,28.713655119028147
18,britannia milk bikis biscuits rs.10,vendiyam 100gm,0.039866075873742905,1.2766042247907532,27.163000486384608
20,britannia milk bikis biscuits rs.10,sugar 1kg,0.09473016031066414,3.033479473893981,26.523220682396133
21,britannia milk bikis biscuits rs.10,gold winner refined sunflower oil 1l,0.03370506820671114,1.079314467915504,26.87215420210823
22,tata salt 1kg,britannia milk bikis biscuits rs.10,0.03069302001394006,0.6400207630417857,20.49494945628905
25,tata salt 1kg,pacha pairu yellow 500gm,0.03289604699790899,0.6859589929924734,19.803337884652276
26,tata salt 1kg,kadala parupu 500gm,0.039903415314149156,0.8320788995587853,20.233821763362908
27,tata salt 1kg,pottukadalai 250gm,0.04330130439111819,0.9029327796522191,19.07579049392003
28,tata salt 1kg,pottukadalai 500gm,0.03226127651100269,0.6727225538541397,19.179993210382186
29,tata salt 1kg,toor dhal 500gm,0.039928308274419996,0.832597975603426,18.055128677970753
30,tata salt 1kg,toor dhal 1kg,0.05583490988748382,1.1642875681287308,17.384040210692206
32,tata salt 1kg,ulundu full white 1kg,0.0478069302001394,0.9968855437321569,17.143358759763785
33,tata salt 1kg,ulundu white broken 100gm,0.03282136811709648,0.6844017648585518,18.45840060281822
34,tata salt 1kg,jeeragam 50gm,0.033505924524544456,0.6986763560861666,18.2491720264587
35,tata salt 1kg,jeeragam 100gm,0.0393682166683262,0.8209187645990138,18.60533066937748
38,tata salt 1kg,pepper black 50gm,0.03288360051777357,0.6856994549701532,19.2024527745284
39,tata salt 1kg,pepper black 100gm,0.030892163696106742,0.64417337139891,18.69778372531576
40,tata salt 1kg,vendiyam 100gm,0.039866075873742905,0.8313002854918246,17.68802704914067
42,tata salt 1kg,sugar 1kg,0.09473016031066414,1.9753438878795744,17.271414661856188
43,tata salt 1kg,gold winner refined sunflower oil 1l,0.03370506820671114,0.7028289644432909,17.49863350456516
44,surf excel detergent bar 150g,britannia milk bikis biscuits rs.10,0.03069302001394006,0.9816878980891719,31.43592366842424
45,surf excel detergent bar 150g,tata salt 1kg,0.04628845962361844,1.4804936305732481,30.871731184733207
47,surf excel detergent bar 150g,pacha pairu yellow 500gm,0.03289604699790899,1.0521496815286624,30.375103849349205
48,surf excel detergent bar 150g,kadala parupu 500gm,0.039903415314149156,1.2762738853503184,31.03539619993522
49,surf excel detergent bar 150g,pottukadalai 250gm,0.04330130439111819,1.384952229299363,29.259164320491195
50,surf excel detergent bar 150g,pottukadalai 500gm,0.03226127651100269,1.0318471337579618,29.41899436289911
51,surf excel detergent bar 150g,toor dhal 500gm,0.039928308274419996,1.2770700636942676,27.69363487110721
52,surf excel detergent bar 150g,toor dhal 1kg,0.05583490988748382,1.7858280254777068,26.664294160747236
54,surf excel detergent bar 150g,ulundu full white 1kg,0.0478069302001394,1.52906050955414,26.29512790659628
55,surf excel detergent bar 150g,ulundu white broken 100gm,0.03282136811709648,1.049761146496815,28.312188504243075
56,surf excel detergent bar 150g,jeeragam 50gm,0.033505924524544456,1.0716560509554138,27.9912658510929
57,surf excel detergent bar 150g,jeeragam 100gm,0.0393682166683262,1.2591560509554138,28.537555361907415
60,surf excel detergent bar 150g,pepper black 50gm,0.03288360051777357,1.0517515923566878,29.453443686408406
61,surf excel detergent bar 150g,pepper black 100gm,0.030892163696106742,0.9880573248407643,28.679363333456056
62,surf excel detergent bar 150g,vendiyam 100gm,0.039866075873742905,1.2750796178343948,27.1305605972687
64,surf excel detergent bar 150g,sugar 1kg,0.09473016031066414,3.029856687898089,26.491544861517472
65,surf excel detergent bar 150g,gold winner refined sunflower oil 1l,0.03370506820671114,1.0780254777070062,26.84006166126176
66,pacha pairu yellow 500gm,britannia milk bikis biscuits rs.10,0.03069302001394006,0.8860941430111391,28.37478988684215
67,pacha pairu yellow 500gm,tata salt 1kg,0.04628845962361844,1.3363277039166366,27.865536735914418
70,pacha pairu yellow 500gm,kadala parupu 500gm,0.039903415314149156,1.15199425080848,28.01326455416359
71,pacha pairu yellow 500gm,pottukadalai 250gm,0.04330130439111819,1.250089831117499,26.409996684539664
72,pacha pairu yellow 500gm,pottukadalai 500gm,0.03226127651100269,0.9313690262306863,26.554262967877314
73,pacha pairu yellow 500gm,toor dhal 500gm,0.039928308274419996,1.152712899748473,24.996913688904534
74,pacha pairu yellow 500gm,toor dhal 1kg,0.05583490988748382,1.6119295724038807,24.06780701825263
76,pacha pairu yellow 500gm,ulundu full white 1kg,0.0478069302001394,1.3801652892561984,23.73458904109589
77,pacha pairu yellow 500gm,ulundu white broken 100gm,0.03282136811709648,0.9475386273805245,25.55523446735846
78,pacha pairu yellow 500gm,jeeragam 50gm,0.033505924524544456,0.9673014732303269,25.265562277378866
79,pacha pairu yellow 500gm,jeeragam 100gm,0.0393682166683262,1.1365432985986346,25.75865579199117
82,pacha pairu yellow 500gm,pepper black 50gm,0.03288360051777357,0.9493352497305066,26.58535772197554
83,pacha pairu yellow 500gm,pepper black 100gm,0.030892163696106742,0.8918433345310816,25.88665493842674
84,pacha pairu yellow 500gm,vendiyam 100gm,0.039866075873742905,1.150916277398491,24.488669859985265
86,pacha pairu yellow 500gm,sugar 1kg,0.09473016031066414,2.7348185411426518,23.911879515678006
87,pacha pairu yellow 500gm,gold winner refined sunflower oil 1l,0.03370506820671114,0.9730506647502694,24.226458818932645
88,kadala parupu 500gm,britannia milk bikis biscuits rs.10,0.03069302001394006,0.7463680387409201,23.900435912554993
89,kadala parupu 500gm,tata salt 1kg,0.04628845962361844,1.1256053268765132,23.471485694930337
91,kadala parupu 500gm,pacha pairu yellow 500gm,0.03289604699790899,0.7999394673123486,23.093904621539107
93,kadala parupu 500gm,pottukadalai 250gm,0.04330130439111819,1.0529661016949152,22.245466335676113
94,kadala parupu 500gm,pottukadalai 500gm,0.03226127651100269,0.784503631961259,22.366983607627894
95,kadala parupu 500gm,toor dhal 500gm,0.039928308274419996,0.9709443099273608,21.05520907875948
96,kadala parupu 500gm,toor dhal 1kg,0.05583490988748382,1.3577481840193704,20.272611056839303
98,kadala parupu 500gm,ulundu full white 1kg,0.0478069302001394,1.1625302663438257,19.99193743988192
99,kadala parupu 500gm,ulundu white broken 100gm,0.03282136811709648,0.7981234866828086,21.52548956496931
100,kadala parupu 500gm,jeeragam 50gm,0.033505924524544456,0.8147699757869249,21.28149510228371
101,kadala parupu 500gm,jeeragam 100gm,0.0393682166683262,0.9573244552058111,21.6968338586899
104,kadala parupu 500gm,pepper black 50gm,0.03288360051777357,0.799636803874092,22.39317510298363
105,kadala parupu 500gm,pepper black 100gm,0.030892163696106742,0.7512106537530266,21.804649120351577
106,kadala parupu 500gm,vendiyam 100gm,0.039866075873742905,0.9694309927360775,20.627109025526327
108,kadala parupu 500gm,sugar 1kg,0.09473016031066414,2.3035714285714284,20.141271395923695
109,kadala parupu 500gm,gold winner refined sunflower oil 1l,0.03370506820671114,0.8196125907990314,20.406245427690543
110,pottukadalai 250gm,britannia milk bikis biscuits rs.10,0.03069302001394006,0.6484354457007626,20.764407114141918
111,pottukadalai 250gm,tata salt 1kg,0.04628845962361844,0.9779121745990007,20.39174039864576
113,pottukadalai 250gm,pacha pairu yellow 500gm,0.03289604699790899,0.6949776492242966,20.063702568910127
114,pottukadalai 250gm,kadala parupu 500gm,0.039903415314149156,0.8430186694714699,20.499846240924867
116,pottukadalai 250gm,pottukadalai 500gm,0.03226127651100269,0.6815671838022614,19.432162461110323
117,pottukadalai 250gm,toor dhal 500gm,0.039928308274419996,0.8435445700762556,18.292508755251465
118,pottukadalai 250gm,toor dhal 1kg,0.05583490988748382,1.179595056534315,17.612597142202752
120,pottukadalai 250gm,ulundu full white 1kg,0.0478069302001394,1.0099921114909283,17.368751328259233
121,pottukadalai 250gm,ulundu white broken 100gm,0.03282136811709648,0.6933999474099395,18.701082703828188
122,pottukadalai 250gm,jeeragam 50gm,0.033505924524544456,0.707862214041546,18.489103291597523
123,pottukadalai 250gm,jeeragam 100gm,0.0393682166683262,0.8317118064685775,18.849944535659066
126,pottukadalai 250gm,pepper black 50gm,0.03288360051777357,0.6947146989219037,19.454917312715732
127,pottukadalai 250gm,pepper black 100gm,0.030892163696106742,0.6526426505390481,18.94361311954815
128,pottukadalai 250gm,vendiyam 100gm,0.039866075873742905,0.8422298185642914,17.920580652205885
130,pottukadalai 250gm,sugar 1kg,0.09473016031066414,2.001314751511964,17.498490847260555
131,pottukadalai 250gm,gold winner refined sunflower oil 1l,0.03370506820671114,0.7120694188798317,17.72869705313951
132,pottukadalai 500gm,britannia milk bikis biscuits rs.10,0.03069302001394006,0.8750887154009938,28.022370566033256
133,pottukadalai 500gm,tata salt 1kg,0.04628845962361844,1.3197303051809794,27.519442418754377
135,pottukadalai 500gm,pacha pairu yellow 500gm,0.03289604699790899,0.9378992193044713,27.07674267905082
136,pottukadalai 500gm,kadala parupu 500gm,0.039903415314149156,1.1376863023420867,27.665335434434805
137,pottukadalai 500gm,pottukadalai 250gm,0.04330130439111819,1.2345635202271115,26.08198040208442
139,pottukadalai 500gm,toor dhal 500gm,0.039928308274419996,1.1383960255500356,24.686448117892592
140,pottukadalai 500gm,toor dhal 1kg,0.05583490988748382,1.5919091554293825,23.76888109716007
142,pottukadalai 500gm,ulundu full white 1kg,0.0478069302001394,1.3630234208658625,23.439801739307974
143,pottukadalai 500gm,ulundu white broken 100gm,0.03282136811709648,0.9357700496806245,25.237834465102413
144,pottukadalai 500gm,jeeragam 50gm,0.033505924524544456,0.9552874378992193,24.95176004895152
145,pottukadalai 500gm,jeeragam 100gm,0.0393682166683262,1.1224272533711854,25.438729265121165
148,pottukadalai 500gm,pepper black 50gm,0.03288360051777357,0.9375443577004968,26.255163428054626
149,pottukadalai 500gm,pepper black 100gm,0.030892163696106742,0.8807665010645849,25.56513864217233
150,pottukadalai 500gm,vendiyam 100gm,0.039866075873742905,1.1366217175301634,24.184516756685237
152,pottukadalai 500gm,sugar 1kg,0.09473016031066414,2.700851667849539,23.614890238513805
153,pottukadalai 500gm,gold winner refined sunflower oil 1l,0.03370506820671114,0.9609652235628104,23.92556241770389
154,toor dhal 500gm,britannia milk bikis biscuits rs.10,0.03069302001394006,0.665587044534413,21.313641094488986
155,toor dhal 500gm,tata salt 1kg,0.04628845962361844,1.0037786774628878,20.931117067759736
157,toor dhal 500gm,pacha pairu yellow 500gm,0.03289604699790899,0.7133603238866396,20.594402393944726
158,toor dhal 500gm,kadala parupu 500gm,0.039903415314149156,0.8653171390013494,21.042082389807632
159,toor dhal 500gm,pottukadalai 250gm,0.04330130439111819,0.9390013495276652,19.83779238139646
160,toor dhal 500gm,pottukadalai 500gm,0.03226127651100269,0.6995951417004048,19.94615758153915
162,toor dhal 500gm,toor dhal 1kg,0.05583490988748382,1.210796221322537,18.07846340939192
164,toor dhal 500gm,ulundu full white 1kg,0.0478069302001394,1.036707152496626,17.828167692677425
165,toor dhal 500gm,ulundu white broken 100gm,0.03282136811709648,0.711740890688259,19.195740222040108
166,toor dhal 500gm,jeeragam 50gm,0.033505924524544456,0.7265856950067475,18.978153797016294
167,toor dhal 500gm,jeeragam 100gm,0.0393682166683262,0.8537112010796221,19.34853955981415
170,toor dhal 500gm,pepper black 50gm,0.03288360051777357,0.7130904183535762,19.969514315859087
171,toor dhal 500gm,pepper black 100gm,0.030892163696106742,0.6699055330634278,19.44468574727169
172,toor dhal 500gm,vendiyam 100gm,0.039866075873742905,0.8645074224021592,18.394593311832384
174,toor dhal 500gm,sugar 1kg,0.09473016031066414,2.0542510121457487,17.96133891825422
175,toor dhal 500gm,gold winner refined sunflower oil 1l,0.03370506820671114,0.7309041835357624,18.197634249146976
177,toor dhal 1kg,tata salt 1kg,0.04628845962361844,0.6911354766771975,14.41178010333578
180,toor dhal 1kg,kadala parupu 500gm,0.039903415314149156,0.5958000371678127,14.488183470402765
181,toor dhal 1kg,pottukadalai 250gm,0.04330130439111819,0.6465341014681286,13.658989179162589
183,toor dhal 1kg,toor dhal 500gm,0.039928308274419996,0.5961717152945549,12.928156624460383
186,toor dhal 1kg,ulundu full white 1kg,0.0478069302001394,0.7138078424084743,12.2752947967608
188,toor dhal 1kg,jeeragam 50gm,0.033505924524544456,0.5002787585950567,13.067099018387916
189,toor dhal 1kg,jeeragam 100gm,0.0393682166683262,0.5878089574428546,13.322122109108237
194,toor dhal 1kg,vendiyam 100gm,0.039866075873742905,0.5952425199776994,12.665297940966175
196,toor dhal 1kg,sugar 1kg,0.09473016031066414,1.414421111317599,12.366987677407897
197,toor dhal 1kg,gold winner refined sunflower oil 1l,0.03370506820671114,0.5032521836089946,12.529684982919449
198,ulundu full white 500gm,britannia milk bikis biscuits rs.10,0.03069302001394006,1.0090016366612111,32.310572935794475
199,ulundu full white 500gm,tata salt 1kg,0.04628845962361844,1.5216857610474632,31.730682788891095
201,ulundu full white 500gm,pacha pairu yellow 500gm,0.03289604699790899,1.0814238952536825,31.220237671671526
202,ulundu full white 500gm,kadala parupu 500gm,0.039903415314149156,1.311783960720131,31.898901495187104
203,ulundu full white 500gm,pottukadalai 250gm,0.04330130439111819,1.4234860883797054,30.073249088819104
204,ulundu full white 500gm,pottukadalai 500gm,0.03226127651100269,1.060556464811784,30.237526120950314
205,ulundu full white 500gm,toor dhal 500gm,0.039928308274419996,1.3126022913256956,28.464161536915434
206,ulundu full white 500gm,toor dhal 1kg,0.05583490988748382,1.8355155482815058,27.406181232322858
208,ulundu full white 500gm,ulundu full white 1kg,0.0478069302001394,1.5716039279869067,27.026743576665247
209,ulundu full white 500gm,ulundu white broken 100gm,0.03282136811709648,1.0789689034369885,29.099925336603356
210,ulundu full white 500gm,jeeragam 50gm,0.033505924524544456,1.1014729950900164,28.770073575264064
211,ulundu full white 500gm,jeeragam 100gm,0.0393682166683262,1.294189852700491,29.331562630569326
214,ulundu full white 500gm,pepper black 50gm,0.03288360051777357,1.0810147299509,30.27293393627575
215,ulundu full white 500gm,pepper black 100gm,0.030892163696106742,1.0155482815057284,29.47731615942783
216,ulundu full white 500gm,vendiyam 100gm,0.039866075873742905,1.310556464811784,27.88542071208633
218,ulundu full white 500gm,sugar 1kg,0.09473016031066414,3.1141571194762685,27.228625487779006
219,ulundu full white 500gm,gold winner refined sunflower oil 1l,0.03370506820671114,1.1080196399345335,27.586839154291958
220,ulundu full white 1kg,britannia milk bikis biscuits rs.10,0.03069302001394006,0.5278253424657534,16.902191835419885
221,ulundu full white 1kg,tata salt 1kg,0.04628845962361844,0.7960188356164383,16.598841767133955
223,ulundu full white 1kg,pacha pairu yellow 500gm,0.03289604699790899,0.5657106164383561,16.33181953543776
224,ulundu full white 1kg,kadala parupu 500gm,0.039903415314149156,0.6862157534246575,16.6868397376364
225,ulundu full white 1kg,pottukadalai 250gm,0.04330130439111819,0.7446489726027398,15.731810953140815
226,ulundu full white 1kg,pottukadalai 500gm,0.03226127651100269,0.5547945205479452,15.817746969093015
227,ulundu full white 1kg,toor dhal 500gm,0.039928308274419996,0.6866438356164384,14.890070803985727
228,ulundu full white 1kg,toor dhal 1kg,0.05583490988748382,0.9601883561643835,14.33662391519629
231,ulundu full white 1kg,ulundu white broken 100gm,0.03282136811709648,0.5644263698630136,15.222649298514256
232,ulundu full white 1kg,jeeragam 50gm,0.033505924524544456,0.5761986301369862,15.050098419936937
233,ulundu full white 1kg,jeeragam 100gm,0.0393682166683262,0.6770119863013698,15.343822574724193
236,ulundu full white 1kg,pepper black 50gm,0.03288360051777357,0.5654965753424658,15.836269379336027
237,ulundu full white 1kg,pepper black 100gm,0.030892163696106742,0.53125,15.420068641618496
238,ulundu full white 1kg,vendiyam 100gm,0.039866075873742905,0.6855736301369862,14.587321964969817
240,ulundu full white 1kg,sugar 1kg,0.09473016031066414,1.6290667808219177,14.243741586500834
241,ulundu full white 1kg,gold winner refined sunflower oil 1l,0.03370506820671114,0.5796232876712328,14.431129043897592
242,ulundu white broken 100gm,britannia milk bikis biscuits rs.10,0.03069302001394006,0.8277945619335347,26.507902066156998
243,ulundu white broken 100gm,tata salt 1kg,0.04628845962361844,1.2484055052030882,26.032154661312465
245,ulundu white broken 100gm,pacha pairu yellow 500gm,0.03289604699790899,0.8872104733131922,25.61338062086781
246,ulundu white broken 100gm,kadala parupu 500gm,0.039903415314149156,1.076200067136623,26.170162891654005
247,ulundu white broken 100gm,pottukadalai 250gm,0.04330130439111819,1.1678415575696541,24.672380252794188
248,ulundu white broken 100gm,pottukadalai 500gm,0.03226127651100269,0.8700906344410876,24.807154696073365
249,ulundu white broken 100gm,toor dhal 500gm,0.039928308274419996,1.0768714333669016,23.352269485136397
250,ulundu white broken 100gm,toor dhal 1kg,0.05583490988748382,1.5058744545149378,22.484292357098713
252,ulundu white broken 100gm,ulundu full white 1kg,0.0478069302001394,1.289358845250084,22.172998087066084
254,ulundu white broken 100gm,jeeragam 50gm,0.033505924524544456,0.9036589459550184,23.60324263777958
255,ulundu white broken 100gm,jeeragam 100gm,0.0393682166683262,1.0617656931856327,24.06389361165204
258,ulundu white broken 100gm,pepper black 50gm,0.03288360051777357,0.8868747901980529,24.836203605323234
259,ulundu white broken 100gm,pepper black 100gm,0.030892163696106742,0.8331654917757637,24.183471196254317
260,ulundu white broken 100gm,vendiyam 100gm,0.039866075873742905,1.075193017791205,22.877464995078544
262,ulundu white broken 100gm,sugar 1kg,0.09473016031066414,2.5548841893252767,22.338623931564918
263,ulundu white broken 100gm,gold winner refined sunflower oil 1l,0.03370506820671114,0.9090298757972473,22.63250583856648
264,jeeragam 50gm,britannia milk bikis biscuits rs.10,0.03069302001394006,0.8016905071521456,25.671989679805495
265,jeeragam 50gm,tata salt 1kg,0.04628845962361844,1.2090377113133939,25.211244712629984
267,jeeragam 50gm,pacha pairu yellow 500gm,0.03289604699790899,0.8592327698309492,24.80567648555436
268,jeeragam 50gm,kadala parupu 500gm,0.039903415314149156,1.042262678803641,25.34490092790549
269,jeeragam 50gm,pottukadalai 250gm,0.04330130439111819,1.1310143042912875,23.894350056265896
270,jeeragam 50gm,pottukadalai 500gm,0.03226127651100269,0.8426527958387516,24.024874460208895
271,jeeragam 50gm,toor dhal 500gm,0.039928308274419996,1.0429128738621587,22.615868269252704
272,jeeragam 50gm,toor dhal 1kg,0.05583490988748382,1.4583875162548765,21.775262331533504
274,jeeragam 50gm,ulundu full white 1kg,0.0478069302001394,1.248699609882965,21.473784558312698
275,jeeragam 50gm,ulundu white broken 100gm,0.03282136811709648,0.8572821846553965,23.121006996963132
277,jeeragam 50gm,jeeragam 100gm,0.0393682166683262,1.0282834850455136,23.305051712975107
280,jeeragam 50gm,pepper black 50gm,0.03288360051777357,0.8589076723016905,24.053007327782158
281,jeeragam 50gm,pepper black 100gm,0.030892163696106742,0.8068920676202861,23.420858482978417
282,jeeragam 50gm,vendiyam 100gm,0.039866075873742905,1.0412873862158647,22.15603648255494
284,jeeragam 50gm,sugar 1kg,0.09473016031066414,2.4743172951885564,21.634187481187222
285,jeeragam 50gm,gold winner refined sunflower oil 1l,0.03370506820671114,0.8803641092327698,21.918801980848357
286,jeeragam 100gm,britannia milk bikis biscuits rs.10,0.03069302001394006,0.6956276445698167,22.27561079127834
287,jeeragam 100gm,tata salt 1kg,0.04628845962361844,1.049083215796897,21.875821928363848
289,jeeragam 100gm,pacha pairu yellow 500gm,0.03289604699790899,0.7455571227080395,21.523909977310357
290,jeeragam 100gm,kadala parupu 500gm,0.039903415314149156,0.9043723554301834,21.991795558317992
291,jeeragam 100gm,pottukadalai 250gm,0.04330130439111819,0.9813822284908322,20.733151134858645
292,jeeragam 100gm,pottukadalai 500gm,0.03226127651100269,0.7311706629055008,20.846407289027525
293,jeeragam 100gm,toor dhal 500gm,0.039928308274419996,0.9049365303244007,19.623811226014478
294,jeeragam 100gm,toor dhal 1kg,0.05583490988748382,1.265444287729196,18.894416623920186
296,jeeragam 100gm,ulundu full white 1kg,0.0478069302001394,1.0834978843441467,18.63282406244566
297,jeeragam 100gm,ulundu white broken 100gm,0.03282136811709648,0.7438645980253878,20.062120598775348
298,jeeragam 100gm,jeeragam 50gm,0.033505924524544456,0.759379407616361,19.83471362988586
302,jeeragam 100gm,pepper black 50gm,0.03288360051777357,0.7452750352609309,20.870818205996596
303,jeeragam 100gm,pepper black 100gm,0.030892163696106742,0.7001410437235543,20.322302029236003
304,jeeragam 100gm,vendiyam 100gm,0.039866075873742905,0.9035260930888576,19.224814730702114
306,jeeragam 100gm,sugar 1kg,0.09473016031066414,2.1469675599435827,18.77200583699066
307,jeeragam 100gm,gold winner refined sunflower oil 1l,0.03370506820671114,0.7638928067700987,19.018966119348253
308,kadugu small 100gm,britannia milk bikis biscuits rs.10,0.03069302001394006,0.9539651837524178,30.548178048387506
309,kadugu small 100gm,tata salt 1kg,0.04628845962361844,1.4386847195357833,29.999918273133396
311,kadugu small 100gm,pacha pairu yellow 500gm,0.03289604699790899,1.0224371373307544,29.517315616853082
312,kadugu small 100gm,kadala parupu 500gm,0.039903415314149156,1.2402321083172145,30.15896141363144
313,kadugu small 100gm,pottukadalai 250gm,0.04330130439111819,1.3458413926499033,28.432890047610787
314,kadugu small 100gm,pottukadalai 500gm,0.03226127651100269,1.0027079303675048,28.588206514353022
315,kadugu small 100gm,toor dhal 500gm,0.039928308274419996,1.2410058027079305,26.911570907629137
316,kadugu small 100gm,toor dhal 1kg,0.05583490988748382,1.7353965183752418,25.9112986196507
318,kadugu small 100gm,ulundu full white 1kg,0.0478069302001394,1.4858800773694392,25.552557563392597
319,kadugu small 100gm,ulundu white broken 100gm,0.03282136811709648,1.0201160541586072,27.512656681879534
320,kadugu small 100gm,jeeragam 50gm,0.033505924524544456,1.0413926499032882,27.200796834795113
321,kadugu small 100gm,jeeragam 100gm,0.0393682166683262,1.223597678916828,27.731659214356448
324,kadugu small 100gm,pepper black 50gm,0.03288360051777357,1.0220502901353965,28.62168299429707
325,kadugu small 100gm,pepper black 100gm,0.030892163696106742,0.9601547388781432,27.869462550731768
326,kadugu small 100gm,vendiyam 100gm,0.039866075873742905,1.2390715667311412,26.364397764154347
328,kadugu small 100gm,sugar 1kg,0.09473016031066414,2.944294003868472,25.743427733900152
329,kadugu small 100gm,gold winner refined sunflower oil 1l,0.03370506820671114,1.0475822050290133,26.082102473148762
330,kadugu big 100gm,britannia milk bikis biscuits rs.10,0.03069302001394006,1.0185873605947957,32.617530051665305
331,kadugu big 100gm,tata salt 1kg,0.04628845962361844,1.5361420900454357,32.03213082860381
333,kadugu big 100gm,pacha pairu yellow 500gm,0.03289604699790899,1.0916976456009913,31.516836377350362
334,kadugu big 100gm,kadala parupu 500gm,0.039903415314149156,1.3242461792647666,32.20194764735121
335,kadugu big 100gm,pottukadalai 250gm,0.04330130439111819,1.4370095002065264,30.35895116607761
336,kadugu big 100gm,pottukadalai 500gm,0.03226127651100269,1.0706319702602232,30.524788863941577
337,kadugu big 100gm,toor dhal 500gm,0.039928308274419996,1.325072284180091,28.73457695011207
338,kadugu big 100gm,toor dhal 1kg,0.05583490988748382,1.8529533250722843,27.666545614125184
340,kadugu big 100gm,ulundu full white 1kg,0.0478069302001394,1.586534489880215,27.283503222374996
341,kadugu big 100gm,ulundu white broken 100gm,0.03282136811709648,1.0892193308550184,29.376380637198924
342,kadugu big 100gm,jeeragam 50gm,0.033505924524544456,1.1119372160264354,29.043395216003873
343,kadugu big 100gm,jeeragam 100gm,0.0393682166683262,1.3064849235852953,29.610218533296752
346,kadugu big 100gm,pepper black 50gm,0.03288360051777357,1.0912845931433293,30.56053306082525
347,kadugu big 100gm,pepper black 100gm,0.030892163696106742,1.0251961999173895,29.75735675078134
348,kadugu big 100gm,vendiyam 100gm,0.039866075873742905,1.3230070218917802,28.150337967921928
350,kadugu big 100gm,sugar 1kg,0.09473016031066414,3.1437422552664187,27.48730305333825
351,kadugu big 100gm,gold winner refined sunflower oil 1l,0.03370506820671114,1.1185460553490292,27.84891982366359
352,pepper black 50gm,britannia milk bikis biscuits rs.10,0.03069302001394006,0.85953293830603,27.52423849950565
353,pepper black 50gm,tata salt 1kg,0.04628845962361844,1.296270477518299,27.030250517967872
355,pepper black 50gm,pacha pairu yellow 500gm,0.03289604699790899,0.9212269083304286,26.595420310061073
356,pepper black 50gm,kadala parupu 500gm,0.039903415314149156,1.1174625304984314,27.173550106042967
357,pepper black 50gm,pottukadalai 250gm,0.04330130439111819,1.2126176368072499,25.61834115478351
358,pepper black 50gm,pottukadalai 500gm,0.03226127651100269,0.9034506796793308,25.75828296953732
359,pepper black 50gm,toor dhal 500gm,0.039928308274419996,1.118159637504357,24.247616171565465
360,pepper black 50gm,toor dhal 1kg,0.05583490988748382,1.5636110142906936,23.346360031996184
362,pepper black 50gm,ulundu full white 1kg,0.0478069302001394,1.338794004879749,23.02313046405363
363,pepper black 50gm,ulundu white broken 100gm,0.03282136811709648,0.9191355873126523,24.78920094899219
364,pepper black 50gm,jeeragam 50gm,0.033505924524544456,0.9383060299756011,24.508211857074023
365,pepper black 50gm,jeeragam 100gm,0.0393682166683262,1.1024747298710351,24.98652459711099
369,pepper black 50gm,pepper black 100gm,0.030892163696106742,0.8651097943534333,25.11068689217205
370,pepper black 50gm,vendiyam 100gm,0.039866075873742905,1.1164168699895434,23.754607257002085
372,pepper black 50gm,sugar 1kg,0.09473016031066414,2.6528407110491456,23.195106550063397
373,pepper black 50gm,gold winner refined sunflower oil 1l,0.03370506820671114,0.9438828860230044,23.500256149560666
374,pepper black 100gm,britannia milk bikis biscuits rs.10,0.03069302001394006,0.8908959537572255,28.52855500544859
375,pepper black 100gm,tata salt 1kg,0.04628845962361844,1.3435693641618496,28.016542173428405
377,pepper black 100gm,pacha pairu yellow 500gm,0.03289604699790899,0.9548410404624277,27.565845689871825
378,pepper black 100gm,kadala parupu 500gm,0.039903415314149156,1.158236994219653,28.165070539825606
379,pepper black 100gm,pottukadalai 250gm,0.04330130439111819,1.256864161849711,26.55311444113941
380,pepper black 100gm,pottukadalai 500gm,0.03226127651100269,0.9364161849710984,26.698162514307285
381,pepper black 100gm,toor dhal 500gm,0.039928308274419996,1.1589595375722543,25.132373842565507
382,pepper black 100gm,toor dhal 1kg,0.05583490988748382,1.620664739884393,24.19823227304807
384,pepper black 100gm,ulundu full white 1kg,0.0478069302001394,1.3876445086705202,23.86320856263362
385,pepper black 100gm,ulundu white broken 100gm,0.03282136811709648,0.9526734104046242,25.693720203272616
386,pepper black 100gm,jeeragam 50gm,0.033505924524544456,0.972543352601156,25.40247825792824
387,pepper black 100gm,jeeragam 100gm,0.0393682166683262,1.1427023121387283,25.898243883349505
390,pepper black 100gm,pepper black 50gm,0.03288360051777357,0.9544797687861272,26.729425773214565
392,pepper black 100gm,vendiyam 100gm,0.039866075873742905,1.1571531791907514,24.62137580214559
394,pepper black 100gm,sugar 1kg,0.09473016031066414,2.749638728323699,24.041459787619903
395,pepper black 100gm,gold winner refined sunflower oil 1l,0.03370506820671114,0.9783236994219653,24.357743819757786
396,vendiyam 100gm,britannia milk bikis biscuits rs.10,0.03069302001394006,0.6530720338983051,20.912881423485622
397,vendiyam 100gm,tata salt 1kg,0.04628845962361844,0.9849046610169492,20.537549983064046
399,vendiyam 100gm,pacha pairu yellow 500gm,0.03289604699790899,0.6999470338983051,20.20716654384672
400,vendiyam 100gm,kadala parupu 500gm,0.039903415314149156,0.8490466101694916,20.64642882792301
401,vendiyam 100gm,pottukadalai 250gm,0.04330130439111819,0.9213453389830509,19.4647830437166
402,vendiyam 100gm,pottukadalai 500gm,0.03226127651100269,0.6864406779661018,19.57111065667441
403,vendiyam 100gm,toor dhal 500gm,0.039928308274419996,0.8495762711864407,18.423307943914548
404,vendiyam 100gm,toor dhal 1kg,0.05583490988748382,1.1880296610169492,17.738534674734392
406,vendiyam 100gm,ulundu full white 1kg,0.0478069302001394,1.0172139830508475,17.49294525989668
407,vendiyam 100gm,ulundu white broken 100gm,0.03282136811709648,0.6983580508474576,18.834803369348148
408,vendiyam 100gm,jeeragam 50gm,0.033505924524544456,0.7129237288135594,18.621308214498246
409,vendiyam 100gm,jeeragam 100gm,0.0393682166683262,0.8376588983050848,18.984729626353666
412,vendiyam 100gm,pepper black 50gm,0.03288360051777357,0.6996822033898306,19.59402821511068
413,vendiyam 100gm,pepper black 100gm,0.030892163696106742,0.6573093220338984,19.079067980307634
416,vendiyam 100gm,sugar 1kg,0.09473016031066414,2.015625,17.623612471433237
417,vendiyam 100gm,gold winner refined sunflower oil 1l,0.03370506820671114,0.7171610169491526,17.855464749229224
418,sugar 500gm,britannia milk bikis biscuits rs.10,0.03069302001394006,1.0102417042195821,32.35028277553532
419,sugar 500gm,tata salt 1kg,0.04628845962361844,1.523555919705039,31.769679941028198
421,sugar 500gm,pacha pairu yellow 500gm,0.03289604699790899,1.0827529700942238,31.258607484459326
422,sugar 500gm,kadala parupu 500gm,0.039903415314149156,1.3133961491192134,31.9381053888723
423,sugar 500gm,pottukadalai 250gm,0.04330130439111819,1.4252355591970505,30.110209247469847
424,sugar 500gm,pottukadalai 500gm,0.03226127651100269,1.0618598934862762,30.274688176813832
425,sugar 500gm,toor dhal 500gm,0.039928308274419996,1.3142154854567802,28.499144119713776
426,sugar 500gm,toor dhal 1kg,0.05583490988748382,1.837771405161819,27.439863552559224
428,sugar 500gm,ulundu full white 1kg,0.0478069302001394,1.5735354362965999,27.059959566312934
429,sugar 500gm,ulundu white broken 100gm,0.03282136811709648,1.080294961081524,29.135689275976485
430,sugar 500gm,jeeragam 50gm,0.033505924524544456,1.1028267103646046,28.805432125336083
431,sugar 500gm,jeeragam 100gm,0.0393682166683262,1.2957804178615322,29.367611253220577
434,sugar 500gm,pepper black 50gm,0.03288360051777357,1.0823433019254405,30.310139508503863
435,sugar 500gm,pepper black 100gm,0.030892163696106742,1.0167963949201149,29.51354391382287
436,sugar 500gm,vendiyam 100gm,0.039866075873742905,1.3121671446128635,27.919692019802945
438,sugar 500gm,sugar 1kg,0.09473016031066414,3.1179844326095862,27.262089591205203
439,sugar 500gm,gold winner refined sunflower oil 1l,0.03370506820671114,1.1093814010651373,27.620743503928534
462,gold winner refined sunflower oil 1l,britannia milk bikis biscuits rs.10,0.03069302001394006,0.7641772544158661,24.470728309600776
463,gold winner refined sunflower oil 1l,tata salt 1kg,0.04628845962361844,1.1524635884722652,24.031542837325638
465,gold winner refined sunflower oil 1l,pacha pairu yellow 500gm,0.03289604699790899,0.8190269600247908,23.644952237237437
466,gold winner refined sunflower oil 1l,kadala parupu 500gm,0.039903415314149156,0.9934924078091105,24.158944919193456
467,gold winner refined sunflower oil 1l,pottukadalai 250gm,0.04330130439111819,1.0780911062906724,22.776269220041492
468,gold winner refined sunflower oil 1l,pottukadalai 500gm,0.03226127651100269,0.8032228075612025,22.90068603644331
469,gold winner refined sunflower oil 1l,toor dhal 500gm,0.039928308274419996,0.9941121784939573,21.557611030747236
470,gold winner refined sunflower oil 1l,toor dhal 1kg,0.05583490988748382,1.390145646110939,20.756339303314864
472,gold winner refined sunflower oil 1l,ulundu full white 1kg,0.0478069302001394,1.1902696002479083,20.468968485085178
473,gold winner refined sunflower oil 1l,ulundu white broken 100gm,0.03282136811709648,0.817167647970251,22.03911296022888
474,gold winner refined sunflower oil 1l,jeeragam 50gm,0.033505924524544456,0.8342113418035326,21.78929650385664
475,gold winner refined sunflower oil 1l,jeeragam 100gm,0.0393682166683262,0.9801673380849086,22.21454572950463
478,gold winner refined sunflower oil 1l,pepper black 50gm,0.03288360051777357,0.8187170746823675,22.92750249155808
479,gold winner refined sunflower oil 1l,pepper black 100gm,0.030892163696106742,0.7691354198946391,22.32493358960075
480,gold winner refined sunflower oil 1l,vendiyam 100gm,0.039866075873742905,0.9925627517818407,21.119296008781834
482,gold winner refined sunflower oil 1l,sugar 1kg,0.09473016031066414,2.358537341183762,20.62186572424292
